regno,caterer
21BIT5247,Fusion
21BIT8748,Proodle
21BIT1539,Fusion
21BIT2032,Fusion
21BIT3338,Darling
21BIT9789,Fusion
21BIT4212,Fusion
21BIT1418,Fusion
21BIT6504,Fusion
21BIT7094,Darling
21BIT6940,Fusion
21BIT6501,Fusion
21BIT0847,Darling
21BIT1993,Darling
21BIT6987,Proodle
21BIT6393,Fusion
21BIT6183,Proodle
21BIT4781,Darling
21BIT9833,Proodle
21BIT2550,Darling
21BIT4414,Proodle
21BIT9824,Fusion
21BIT3056,Darling
21BIT2984,Fusion
21BIT1767,Fusion
21BIT9553,Darling
21BIT1662,Darling
21BIT6607,Darling
21BIT5567,Fusion
21BIT2675,Fusion
21BIT6069,Fusion
21BIT0115,Darling
21BIT9721,Fusion
21BIT6709,Darling
21BIT1299,Proodle
21BIT5949,Fusion
21BIT3730,Fusion
21BIT2113,Darling
21BIT3057,Proodle
21BIT2802,Fusion
21BIT1684,Proodle
21BIT1669,Proodle
21BIT7616,Fusion
21BIT1615,Fusion
21BIT0344,Darling
21BIT0331,Fusion
21BIT5351,Fusion
21BIT9890,Darling
21BIT1404,Proodle
21BIT4257,Proodle
21BIT1849,Darling
21BIT5531,Fusion
21BIT0062,Darling
21BIT4623,Proodle
21BIT2327,Proodle
21BIT2001,Darling
21BIT5614,Fusion
21BIT9429,Fusion
21BIT3860,Fusion
21BIT3450,Fusion
21BIT0839,Darling
21BIT3647,Fusion
21BIT5422,Fusion
21BIT3998,Darling
21BIT5616,Proodle
21BIT2561,Proodle
21BIT0522,Fusion
21BIT0516,Fusion
21BIT3284,Darling
21BIT1423,Proodle
21BIT9716,Darling
21BIT7122,Darling
21BIT7497,Fusion
21BIT9031,Proodle
21BIT5183,Proodle
21BIT3012,Proodle
21BIT1614,Proodle
21BIT3986,Proodle
21BIT1896,Darling
21BIT4968,Fusion
21BIT1008,Darling
21BIT4233,Darling
21BIT4557,Proodle
21BIT4584,Fusion
21BIT2467,Darling
21BIT8098,Proodle
21BIT2593,Fusion
21BIT1806,Darling
21BIT2012,Proodle
21BIT4018,Proodle
21BIT0693,Fusion
21BIT2966,Proodle
21BIT1197,Darling
21BIT9296,Fusion
21BIT3615,Fusion
21BIT7009,Darling
21BIT7871,Darling
21BIT3269,Fusion
21BIT1270,Proodle
21BIT2925,Proodle
21BIT9651,Proodle
21BIT1451,Darling
21BIT4376,Darling
21BIT0745,Darling
21BIT8396,Proodle
21BIT6808,Fusion
21BIT8553,Darling
21BIT5610,Proodle
21BIT5976,Proodle
21BIT7253,Fusion
21BIT4948,Proodle
21BIT4741,Darling
21BIT4209,Fusion
21BIT7369,Fusion
21BIT9568,Proodle
21BIT5564,Proodle
21BIT8903,Fusion
21BIT0056,Proodle
21BIT5991,Proodle
21BIT2674,Darling
21BIT9231,Proodle
21BIT9576,Proodle
21BIT8058,Fusion
21BIT3525,Fusion
21BIT8883,Fusion
21BIT8043,Fusion
21BIT3277,Fusion
21BIT8638,Fusion
21BIT6656,Darling
21BIT7126,Fusion
21BIT5950,Darling
21BIT6793,Darling
21BIT1973,Proodle
21BIT6021,Darling
21BIT6615,Proodle
21BIT0832,Darling
21BIT0088,Fusion
21BIT8781,Proodle
21BIT1837,Fusion
21BIT9281,Fusion
21BIT5538,Fusion
21BIT6089,Proodle
21BIT8841,Darling
21BIT1728,Proodle
21BIT2901,Fusion
21BIT2326,Proodle
21BIT5664,Proodle
21BIT8180,Proodle
21BIT1239,Fusion
21BIT6981,Proodle
21BIT5792,Proodle
21BIT1592,Proodle
21BIT1325,Fusion
21BIT6194,Proodle
21BIT0806,Proodle
21BIT7485,Proodle
21BIT1084,Darling
21BIT4751,Proodle
21BIT2737,Fusion
21BIT5060,Fusion
21BIT2221,Fusion
21BIT6756,Fusion
21BIT3138,Fusion
21BIT8445,Fusion
21BIT4212,Proodle
21BIT7931,Fusion
21BIT6069,Proodle
21BIT9591,Proodle
21BIT5714,Proodle
21BIT1246,Proodle
21BIT3634,Darling
21BIT0683,Fusion
21BIT9753,Darling
21BIT1143,Fusion
21BIT5893,Darling
21BIT4232,Fusion
21BIT5333,Darling
21BIT1577,Proodle
21BIT7093,Fusion
21BIT6190,Darling
21BIT6550,Darling
21BIT0861,Proodle
21BIT5033,Fusion
21BIT2913,Fusion
21BIT8240,Fusion
21BIT6586,Proodle
21BIT7708,Proodle
21BIT3748,Darling
21BIT7200,Proodle
21BIT2364,Proodle
21BIT9795,Proodle
21BIT3487,Darling
21BIT0646,Proodle
21BIT9868,Darling
21BIT7013,Fusion
21BIT2733,Proodle
21BIT7827,Proodle
21BIT5733,Proodle
21BIT8760,Darling
21BIT1317,Proodle
21BIT8805,Darling
21BIT3663,Proodle
21BIT2718,Darling
21BIT7953,Fusion
21BIT0864,Proodle
21BIT7260,Proodle
21BIT0625,Fusion
21BIT1914,Darling
21BIT1596,Fusion
21BIT1767,Fusion
21BIT0400,Proodle
21BIT6786,Darling
21BIT9602,Proodle
21BIT2533,Fusion
21BIT5048,Proodle
21BIT7371,Fusion
21BIT1979,Darling
21BIT7877,Proodle
21BIT9694,Fusion
21BIT5841,Darling
21BIT6260,Proodle
21BIT0270,Darling
21BIT8352,Darling
21BIT9427,Proodle
21BIT7374,Proodle
21BIT7413,Darling
21BIT4212,Proodle
21BIT7286,Darling
21BIT7834,Proodle
21BIT9000,Darling
21BIT3492,Darling
21BIT8474,Proodle
21BIT1645,Darling
21BIT0007,Proodle
21BIT8174,Fusion
21BIT5590,Fusion
21BIT5318,Fusion
21BIT5219,Darling
21BIT7622,Proodle
21BIT3007,Darling
21BIT3510,Proodle
21BIT8603,Proodle
21BIT5266,Darling
21BIT4290,Darling
21BIT6894,Proodle
21BIT9701,Darling
21BIT9228,Darling
21BIT8026,Proodle
21BIT9582,Proodle
21BIT0529,Proodle
21BIT4360,Fusion
21BIT5155,Darling
21BIT0915,Fusion
21BIT8320,Darling
21BIT9087,Fusion
21BIT9784,Fusion
21BIT7937,Fusion
21BIT7377,Proodle
21BIT5118,Darling
21BIT7140,Fusion
21BIT0717,Proodle
21BIT5510,Proodle
21BIT4159,Proodle
21BIT2634,Fusion
21BIT4035,Darling
21BIT5174,Proodle
21BIT0453,Darling
21BIT1321,Darling
21BIT7817,Fusion
21BIT0046,Fusion
21BIT6765,Darling
21BIT6408,Proodle
21BIT8182,Fusion
21BIT6596,Fusion
21BIT0913,Proodle
21BIT1966,Fusion
21BIT1954,Proodle
21BIT2581,Darling
21BIT3159,Darling
21BIT1401,Fusion
21BIT4026,Fusion
21BIT3718,Darling
21BIT0718,Proodle
21BIT6619,Proodle
21BIT0875,Proodle
21BIT8175,Proodle
21BIT9380,Proodle
21BIT9089,Darling
21BIT6713,Proodle
21BIT9330,Darling
21BIT9782,Proodle
21BIT5092,Proodle
21BIT5917,Proodle
21BIT3411,Proodle
21BIT7398,Darling
21BIT9494,Proodle
21BIT3782,Proodle
21BIT5060,Proodle
21BIT4276,Proodle
21BIT1277,Fusion
21BIT1678,Proodle
21BIT7408,Proodle
21BIT3398,Darling
21BIT6067,Darling
21BIT1495,Proodle
21BIT3701,Darling
21BIT6580,Fusion
21BIT1873,Proodle
21BIT3170,Fusion
21BIT1201,Fusion
21BIT9559,Fusion
21BIT9565,Proodle
21BIT1519,Proodle
21BIT5985,Proodle
21BIT4806,Darling
21BIT3061,Proodle
21BIT6334,Proodle
21BIT6450,Fusion
21BIT6665,Proodle
21BIT3144,Fusion
21BIT2887,Proodle
21BIT8271,Proodle
21BIT3337,Proodle
21BIT1637,Proodle
21BIT7324,Proodle
21BIT0948,Darling
21BIT8239,Proodle
21BIT5325,Darling
21BIT4355,Darling
21BIT5961,Darling
21BIT3491,Proodle
21BIT0327,Fusion
21BIT7496,Proodle
21BIT8123,Fusion
21BIT6631,Fusion
21BIT6096,Proodle
21BIT1893,Fusion
21BIT6504,Proodle
21BIT0432,Proodle
21BIT0808,Proodle
21BIT6094,Fusion
21BIT2051,Fusion
21BIT9283,Fusion
21BIT1351,Darling
21BIT7183,Proodle
21BIT5268,Proodle
21BIT5844,Proodle
21BIT6217,Darling
21BIT4049,Darling
21BIT7308,Darling
21BIT3513,Proodle
21BIT3485,Proodle
21BIT7341,Proodle
21BIT2856,Darling
21BIT6483,Darling
21BIT8671,Darling
21BIT2157,Fusion
21BIT6614,Proodle
21BIT2651,Darling
21BIT6256,Proodle
21BIT8038,Fusion
21BIT3167,Fusion
21BIT5439,Darling
21BIT6154,Fusion
21BIT4288,Darling
21BIT1046,Fusion
21BIT8868,Darling
21BIT7700,Proodle
21BIT1352,Fusion
21BIT9197,Proodle
21BIT9456,Fusion
21BIT5876,Fusion
21BIT1108,Proodle
21BIT5631,Fusion
21BIT0707,Fusion
21BIT0971,Darling
21BIT8057,Proodle
21BIT2468,Fusion
21BIT5890,Darling
21BIT0874,Darling
21BIT8561,Fusion
21BIT9665,Fusion
21BIT9854,Darling
21BIT2615,Proodle
21BIT2026,Fusion
21BIT8787,Proodle
21BIT7277,Proodle
21BIT5135,Fusion
21BIT8114,Proodle
21BIT9141,Proodle
21BIT7934,Fusion
21BIT0622,Darling
21BIT9795,Fusion
21BIT3816,Proodle
21BIT2449,Fusion
21BIT0719,Proodle
21BIT6487,Fusion
21BIT1045,Darling
21BIT6071,Fusion
21BIT3898,Fusion
21BIT2198,Fusion
21BIT6247,Fusion
21BIT1779,Proodle
21BIT7041,Fusion
21BIT6357,Fusion
21BIT2159,Proodle
21BIT4583,Fusion
21BIT3889,Proodle
21BIT1672,Darling
21BIT6580,Fusion
21BIT6618,Proodle
21BIT2829,Darling
21BIT5024,Proodle
21BIT8870,Proodle
21BIT2957,Proodle
21BIT0024,Proodle
21BIT8980,Darling
21BIT3938,Proodle
21BIT6512,Fusion
21BIT6343,Proodle
21BIT9631,Darling
21BIT0657,Proodle
21BIT8653,Fusion
21BIT7630,Fusion
21BIT9508,Fusion
21BIT6159,Proodle
21BIT0702,Proodle
21BIT7181,Fusion
21BIT8146,Proodle
21BIT2793,Proodle
21BIT5075,Proodle
21BIT1946,Fusion
21BIT9025,Proodle
21BIT5669,Darling
21BIT2419,Fusion
21BIT6928,Darling
21BIT2058,Proodle
21BIT2756,Proodle
21BIT3899,Fusion
21BIT0927,Darling
21BIT1554,Fusion
21BIT2530,Proodle
21BIT0900,Fusion
21BIT9051,Darling
21BIT9910,Fusion
21BIT2840,Fusion
21BIT2989,Darling
21BIT6833,Darling
21BIT7672,Fusion
21BIT4195,Darling
21BIT1785,Fusion
21BIT9154,Proodle
21BIT5693,Darling
21BIT2062,Darling
21BIT8568,Fusion
21BIT8556,Fusion
21BIT2092,Darling
21BIT8823,Proodle
21BIT3038,Fusion
21BIT2037,Proodle
21BIT6045,Darling
21BIT5523,Proodle
21BIT2081,Darling
21BIT6071,Fusion
21BIT2271,Darling
21BIT6508,Fusion
21BIT6441,Proodle
21BIT7628,Proodle
21BIT4617,Proodle
21BIT1345,Proodle
21BIT6717,Proodle
21BIT5044,Proodle
21BIT8343,Darling
21BIT9074,Proodle
21BIT2374,Darling
21BIT0662,Darling
21BIT6043,Darling
21BIT1766,Proodle
21BIT5067,Darling
21BIT4736,Darling
21BIT9530,Darling
21BIT4987,Proodle
21BIT5133,Darling
21BIT3377,Darling
21BIT6897,Proodle
21BIT5565,Darling
21BIT2916,Proodle
21BIT2864,Darling
21BIT3332,Darling
21BIT1227,Darling
21BIT0009,Proodle
21BIT4886,Fusion
21BIT3481,Fusion
21BIT5056,Darling
21BIT4520,Fusion
21BIT3081,Darling
21BIT9433,Proodle
21BIT8749,Darling
21BIT6379,Proodle
21BIT5531,Darling
21BIT1904,Fusion
21BIT5052,Fusion
21BIT2109,Fusion
21BIT6526,Proodle
21BIT1110,Fusion
21BIT4297,Darling
21BIT9523,Darling
21BIT3225,Proodle
21BIT7036,Proodle
21BIT8678,Proodle
21BIT1017,Darling
21BIT5233,Fusion
21BIT4415,Fusion
21BIT7061,Fusion
21BIT1670,Proodle
21BIT0692,Darling
21BIT6798,Fusion
21BIT4636,Darling
21BIT2272,Darling
21BIT9128,Proodle
21BIT4331,Fusion
21BIT1871,Darling
21BIT8930,Darling
21BIT2671,Proodle
21BIT9191,Darling
21BIT8842,Darling
21BIT6533,Fusion
21BIT9694,Darling
21BIT2924,Darling
21BIT3006,Proodle
21BIT9622,Proodle
21BIT9243,Fusion
21BIT0234,Proodle
21BIT5290,Proodle
21BIT5134,Fusion
21BIT7210,Darling
21BIT6547,Darling
21BIT8206,Proodle
21BIT8421,Darling
21BIT8048,Fusion
21BIT1578,Darling
21BIT1171,Fusion
21BIT2268,Proodle
21BIT4900,Proodle
21BIT4147,Darling
21BIT0200,Proodle
21BIT8242,Darling
21BIT0150,Darling
21BIT7035,Darling
21BIT2781,Darling
21BIT9700,Proodle
21BIT6998,Fusion
21BIT5937,Darling
21BIT3868,Proodle
21BIT6421,Proodle
21BIT2823,Fusion
21BIT7527,Darling
21BIT3330,Proodle
21BIT5305,Fusion
21BIT9341,Proodle
21BIT6492,Fusion
21BIT6358,Proodle
21BIT7540,Proodle
21BIT9497,Fusion
21BIT2663,Proodle
21BIT3160,Darling
21BIT9596,Proodle
21BIT1164,Fusion
21BIT8676,Fusion
21BIT3425,Proodle
21BIT3137,Proodle
21BIT7101,Proodle
21BIT5094,Fusion
21BIT9202,Darling
21BIT0470,Proodle
21BIT2248,Fusion
21BIT1089,Proodle
21BIT4317,Fusion
21BIT1108,Proodle
21BIT7118,Proodle
21BIT9491,Darling
21BIT3009,Darling
21BIT3627,Fusion
21BIT9194,Fusion
21BIT3954,Fusion
21BIT7852,Darling
21BIT9059,Darling
21BIT6287,Proodle
21BIT3088,Proodle
21BIT4917,Proodle
21BIT5093,Proodle
21BIT4260,Proodle
21BIT7819,Fusion
21BIT7299,Fusion
21BIT9926,Darling
21BIT9875,Darling
21BIT9868,Darling
21BIT5365,Proodle
21BIT9835,Proodle
21BIT9906,Proodle
21BIT8376,Darling
21BIT3140,Proodle
21BIT3123,Fusion
21BIT8089,Fusion
21BIT0786,Darling
21BIT6762,Fusion
21BIT0346,Fusion
21BIT0823,Proodle
21BIT2904,Proodle
21BIT7453,Darling
21BIT1114,Fusion
21BIT3718,Fusion
21BIT4937,Fusion
21BIT1232,Proodle
21BIT4395,Darling
21BIT5417,Proodle
21BIT7204,Darling
21BIT6733,Darling
21BIT1638,Proodle
21BIT8334,Darling
21BIT7927,Fusion
21BIT6622,Fusion
21BIT6015,Proodle
21BIT1317,Fusion
21BIT2364,Fusion
21BIT0952,Proodle
21BIT4459,Proodle
21BIT2610,Darling
21BIT2764,Proodle
21BIT2649,Fusion
21BIT4000,Proodle
21BIT5377,Proodle
21BIT2620,Fusion
21BIT6974,Darling
21BIT4051,Fusion
21BIT0624,Darling
21BIT2141,Proodle
21BIT1017,Proodle
21BIT5706,Fusion
21BIT6060,Darling
21BIT6589,Fusion
21BIT8336,Proodle
21BIT6632,Proodle
21BIT5184,Fusion
21BIT0931,Fusion
21BIT2605,Fusion
21BIT3360,Fusion
21BIT5423,Darling
21BIT4901,Proodle
21BIT6164,Proodle
21BIT8086,Darling
21BIT2597,Darling
21BIT5660,Darling
21BIT8941,Fusion
21BIT0743,Darling
21BIT8091,Darling
21BIT5370,Darling
21BIT3080,Darling
21BIT6389,Darling
21BIT0600,Proodle
21BIT0875,Proodle
21BIT5457,Proodle
21BIT8308,Fusion
21BIT8630,Darling
21BIT0183,Fusion
21BIT4873,Darling
21BIT3276,Darling
21BIT9329,Fusion
21BIT9094,Darling
21BIT0947,Proodle
21BIT7403,Darling
21BIT5213,Darling
21BIT5415,Fusion
21BIT4177,Fusion
21BIT6441,Fusion
21BIT1203,Proodle
21BIT9856,Darling
21BIT6724,Fusion
21BIT2714,Fusion
21BIT6019,Proodle
21BIT9430,Proodle
21BIT8152,Darling
21BIT5727,Fusion
21BIT8870,Fusion
21BIT0385,Proodle
21BIT0046,Darling
21BIT2301,Darling
21BIT4631,Proodle
21BIT3411,Proodle
21BIT5780,Fusion
21BIT4224,Darling
21BIT6174,Darling
21BIT9727,Darling
21BIT1519,Fusion
21BIT1273,Proodle
21BIT1660,Fusion
21BIT7294,Darling
21BIT6734,Proodle
21BIT2058,Darling
21BIT9470,Proodle
21BIT8263,Fusion
21BIT4620,Darling
21BIT1636,Fusion
21BIT2609,Darling
21BIT9016,Fusion
21BIT3005,Darling
21BIT5753,Darling
21BIT0864,Darling
21BIT2735,Darling
21BIT7994,Proodle
21BIT0263,Proodle
21BIT5029,Fusion
21BIT1527,Fusion
21BIT5846,Darling
21BIT3405,Proodle
21BIT4726,Darling
21BIT3519,Fusion
21BIT7697,Proodle
21BIT5167,Proodle
21BIT4877,Fusion
21BIT4180,Proodle
21BIT3876,Proodle
21BIT9795,Proodle
21BIT6452,Fusion
21BIT5427,Proodle
21BIT7785,Proodle
21BIT3527,Darling
21BIT3587,Fusion
21BIT0479,Darling
21BIT8241,Fusion
21BIT0821,Darling
21BIT1990,Darling
21BIT5972,Fusion
21BIT3778,Darling
21BIT7785,Fusion
21BIT5764,Proodle
21BIT5490,Darling
21BIT5562,Fusion
21BIT5887,Darling
21BIT6292,Darling
21BIT9164,Darling
21BIT3993,Fusion
21BIT3412,Fusion
21BIT1386,Fusion
21BIT8747,Proodle
21BIT9103,Darling
21BIT8358,Proodle
21BIT1088,Proodle
21BIT9993,Darling
21BIT3898,Fusion
21BIT3140,Fusion
21BIT0803,Fusion
21BIT1210,Darling
21BIT1348,Darling
21BIT0825,Fusion
21BIT1645,Darling
21BIT4583,Darling
21BIT5066,Darling
21BIT7332,Darling
21BIT5122,Proodle
21BIT1815,Darling
21BIT6874,Proodle
21BIT5042,Fusion
21BIT6725,Darling
21BIT7051,Fusion
21BIT6033,Fusion
21BIT9605,Proodle
21BIT5816,Proodle
21BIT0172,Proodle
21BIT9753,Proodle
21BIT7222,Fusion
21BIT0393,Fusion
21BIT6318,Proodle
21BIT4752,Proodle
21BIT8226,Darling
21BIT6078,Proodle
21BIT6854,Darling
21BIT1137,Proodle
21BIT7981,Darling
21BIT6190,Fusion
21BIT6041,Proodle
21BIT7233,Proodle
21BIT0481,Darling
21BIT2738,Fusion
21BIT4581,Fusion
21BIT2195,Darling
21BIT3907,Darling
21BIT7376,Proodle
21BIT6290,Proodle
21BIT6768,Fusion
21BIT8452,Fusion
21BIT2099,Proodle
21BIT0637,Proodle
21BIT1964,Fusion
21BIT1496,Proodle
21BIT9936,Proodle
21BIT3213,Fusion
21BIT3383,Proodle
21BIT1636,Proodle
21BIT3925,Darling
21BIT7746,Proodle
21BIT5944,Darling
21BIT7680,Proodle
21BIT6568,Proodle
21BIT5191,Proodle
21BIT1147,Proodle
21BIT1639,Fusion
21BIT7949,Darling
21BIT3720,Proodle
21BIT0305,Darling
21BIT3551,Proodle
21BIT6291,Proodle
21BIT6806,Darling
21BIT6382,Proodle
21BIT6718,Fusion
21BIT7696,Darling
21BIT7787,Fusion
21BIT2186,Darling
21BIT0702,Fusion
21BIT2616,Fusion
21BIT8152,Proodle
21BIT3041,Proodle
21BIT6663,Fusion
21BIT6975,Darling
21BIT8303,Proodle
21BIT0149,Darling
21BIT7334,Darling
21BIT5687,Proodle
21BIT7723,Darling
21BIT7611,Fusion
21BIT9419,Fusion
21BIT6108,Fusion
21BIT5807,Fusion
21BIT2779,Fusion
21BIT3708,Fusion
21BIT9290,Proodle
21BIT9213,Proodle
21BIT1232,Darling
21BIT2569,Fusion
21BIT0979,Proodle
21BIT2622,Fusion
21BIT2671,Proodle
21BIT4923,Proodle
21BIT4809,Darling
21BIT1365,Proodle
21BIT7512,Fusion
21BIT4902,Proodle
21BIT1076,Proodle
21BIT6495,Proodle
21BIT9758,Fusion
21BIT0404,Fusion
21BIT3446,Darling
21BIT0598,Fusion
21BIT1512,Darling
21BIT7904,Darling
21BIT9168,Proodle
21BIT0977,Darling
21BIT6919,Darling
21BIT1533,Proodle
21BIT2483,Fusion
21BIT3538,Darling
21BIT9069,Fusion
21BIT7969,Darling
21BIT7991,Darling
21BIT5046,Darling
21BIT1175,Fusion
21BIT7754,Fusion
21BIT9999,Darling
21BIT4986,Darling
21BIT9949,Fusion
21BIT6034,Proodle
21BIT3229,Proodle
21BIT8249,Darling
21BIT8860,Darling
21BIT8434,Proodle
21BIT6285,Darling
21BIT2495,Proodle
21BIT3038,Proodle
21BIT4269,Darling
21BIT8817,Fusion
21BIT3051,Darling
21BIT1063,Darling
21BIT9648,Fusion
21BIT4745,Darling
21BIT7846,Darling
21BIT0364,Fusion
21BIT7975,Proodle
21BIT3383,Fusion
21BIT5543,Proodle
21BIT9513,Darling
21BIT0211,Darling
21BIT0324,Fusion
21BIT8331,Proodle
21BIT4376,Proodle
21BIT9836,Darling
21BIT8569,Fusion
21BIT1872,Fusion
21BIT1676,Darling
21BIT8833,Fusion
21BIT2433,Fusion
21BIT7777,Proodle
21BIT6399,Darling
21BIT1799,Proodle
21BIT4157,Darling
21BIT3748,Fusion
21BIT7769,Fusion
21BIT0448,Proodle
21BIT5036,Proodle
21BIT0592,Darling
21BIT6139,Proodle
21BIT6991,Fusion
21BIT8560,Proodle
21BIT2583,Darling
21BIT9796,Darling
21BIT1438,Fusion
21BIT6370,Proodle
21BIT1984,Fusion
21BIT5481,Proodle
21BIT6879,Fusion
21BIT5729,Proodle
21BIT1865,Fusion
21BIT9252,Fusion
21BIT8200,Fusion
21BIT0624,Proodle
21BIT7152,Proodle
21BIT9658,Darling
21BIT8120,Proodle
21BIT7144,Proodle
21BIT8399,Proodle
21BIT8322,Proodle
21BIT5071,Proodle
21BIT5554,Proodle
21BIT4037,Proodle
21BIT8471,Proodle
21BIT9595,Proodle
21BIT6767,Proodle
21BIT0219,Darling
21BIT1909,Proodle
21BIT2304,Proodle
21BIT2138,Darling
21BIT5282,Darling
21BIT8593,Fusion
21BIT5644,Fusion
21BIT9056,Fusion
21BIT5444,Proodle
21BIT9639,Proodle
21BIT0402,Fusion
21BIT4940,Darling
21BIT1565,Proodle
21BIT8747,Proodle
21BIT3844,Fusion
21BIT6726,Darling
21BIT6153,Fusion
21BIT4649,Fusion
21BIT9304,Darling
21BIT1435,Darling
21BIT0439,Darling
21BIT6972,Fusion
21BIT8860,Proodle
21BIT4112,Proodle
21BIT5060,Fusion
21BIT6161,Proodle
21BIT4248,Proodle
21BIT7575,Darling
21BIT1325,Proodle
21BIT2531,Proodle
21BIT1015,Proodle
21BIT2055,Darling
21BIT0738,Proodle
21BIT1373,Fusion
21BIT5321,Darling
21BIT9635,Proodle
21BIT8906,Fusion
21BIT4889,Proodle
21BIT4031,Darling
21BIT7976,Proodle
21BIT7167,Fusion
21BIT5813,Darling
21BIT6862,Darling
21BIT5220,Fusion
21BIT3604,Darling
21BIT4996,Proodle
21BIT7878,Darling
21BIT9906,Darling
21BIT6113,Darling
21BIT3805,Proodle
21BIT3720,Darling
21BIT4107,Proodle
21BIT2984,Darling
21BIT3858,Proodle
21BIT7426,Fusion
21BIT3443,Fusion
21BIT1141,Darling
21BIT8531,Proodle
21BIT4042,Darling
21BIT5958,Proodle
21BIT8689,Proodle
21BIT9149,Fusion
21BIT6569,Darling
21BIT5004,Darling
